Date,Open,Close,High,Low,Volume,成交额,振幅,涨跌幅,涨跌额,换手率
2021-01-04,5.28,5.334,5.366,5.26,5067056,2697192784.0,2.0,0.89,0.047,0.59
2021-01-05,5.321,5.433,5.445,5.305,6228308,3349890560.0,2.62,1.86,0.099,0.73
2021-01-06,5.447,5.482,5.514,5.417,3749451,2048972320.0,1.79,0.9,0.049,0.44
2021-01-07,5.49,5.599,5.6,5.483,4706592,2604546544.0,2.13,2.13,0.117,0.55
2021-01-08,5.608,5.571,5.631,5.519,6975648,3884322784.0,2.0,-0.5,-0.028,0.82
2021-01-11,5.572,5.508,5.62,5.477,6359652,3536919280.0,2.57,-1.13,-0.063,0.75
2021-01-12,5.496,5.668,5.672,5.492,5962808,3327362000.0,3.27,2.9,0.16,0.7
2021-01-13,5.684,5.646,5.715,5.61,5524344,3129878576.0,1.85,-0.39,-0.022,0.65
2021-01-14,5.646,5.543,5.646,5.538,6960480,3885747952.0,1.91,-1.82,-0.103,0.82
2021-01-15,5.543,5.526,5.576,5.46,7090492,3916989376.0,2.09,-0.31,-0.017,0.83
2021-01-18,5.451,5.513,5.547,5.415,3967686,2176480896.0,2.39,-0.24,-0.013,0.47
2021-01-19,5.518,5.438,5.53,5.416,4170097,2282323328.0,2.07,-1.36,-0.075,0.49
2021-01-20,5.436,5.468,5.495,5.43,4223857,2307751584.0,1.2,0.55,0.03,0.5
2021-01-21,5.483,5.562,5.588,5.483,5116203,2833318064.0,1.92,1.72,0.094,0.6
2021-01-22,5.557,5.565,5.57,5.506,5543093,3074483616.0,1.15,0.05,0.003,0.65
2021-01-25,5.564,5.631,5.649,5.531,4501772,2518875360.0,2.12,1.19,0.066,0.53
2021-01-26,5.607,5.511,5.61,5.503,3927450,2175771664.0,1.9,-2.13,-0.12,0.46
2021-01-27,5.505,5.521,5.532,5.45,5915416,3252544448.0,1.49,0.18,0.01,0.69
2021-01-28,5.46,5.385,5.46,5.364,4699518,2541914768.0,1.74,-2.46,-0.136,0.55
2021-01-29,5.407,5.348,5.423,5.282,6221139,3343269152.0,2.62,-0.69,-0.037,0.73
2021-02-01,5.348,5.411,5.414,5.346,4362881,2352426032.0,1.27,1.18,0.063,0.51
2021-02-02,5.42,5.491,5.494,5.411,5731569,3133181952.0,1.53,1.48,0.08,0.67
2021-02-03,5.491,5.485,5.525,5.464,2819695,1549207312.0,1.11,-0.11,-0.006,0.33
2021-02-04,5.46,5.474,5.51,5.416,3000841,1639395456.0,1.71,-0.2,-0.011,0.35
2021-02-05,5.486,5.482,5.547,5.476,5600005,3085296672.0,1.3,0.15,0.008,0.66
2021-02-08,5.52,5.554,5.573,5.482,4750134,2628084272.0,1.66,1.31,0.072,0.56
2021-02-09,5.575,5.692,5.694,5.55,4182998,2349537936.0,2.59,2.48,0.138,0.49
2021-02-10,5.706,5.807,5.833,5.697,3419099,1973984352.0,2.39,2.02,0.115,0.4
2021-02-18,5.923,5.764,5.933,5.748,4707657,2747359952.0,3.19,-0.74,-0.043,0.55
2021-02-19,5.742,5.796,5.801,5.671,7090647,4060011760.0,2.26,0.56,0.032,0.83
2021-02-22,5.785,5.589,5.786,5.584,7760760,4399449088.0,3.49,-3.57,-0.207,0.91
2021-02-23,5.55,5.574,5.637,5.547,5912504,3308715200.0,1.61,-0.27,-0.015,0.69
2021-02-24,5.588,5.427,5.6,5.371,10112690,5539235584.0,4.11,-2.64,-0.147,1.19
2021-02-25,5.481,5.478,5.523,5.442,6693054,3670095568.0,1.49,0.94,0.051,0.79
2021-02-26,5.389,5.329,5.42,5.321,8370703,4486159616.0,1.81,-2.72,-0.149,0.98
2021-03-01,5.381,5.418,5.42,5.348,5582085,3007992816.0,1.35,1.67,0.089,0.66
2021-03-02,5.446,5.349,5.451,5.307,4338598,2338148832.0,2.66,-1.27,-0.069,0.51
2021-03-03,5.333,5.454,5.458,5.316,3611546,1950248208.0,2.65,1.96,0.105,0.42
2021-03-04,5.4,5.287,5.4,5.258,6449816,3428246544.0,2.6,-3.06,-0.167,0.76
2021-03-05,5.202,5.266,5.311,5.179,5936328,3111411984.0,2.5,-0.4,-0.021,0.7
2021-03-08,5.3,5.08,5.325,5.07,5637220,2929014224.0,4.84,-3.53,-0.186,0.66
2021-03-09,5.077,4.979,5.095,4.926,9317191,4677125888.0,3.33,-1.99,-0.101,1.09
2021-03-10,5.037,5.0,5.061,4.983,6365358,3197285824.0,1.57,0.42,0.021,0.75
2021-03-11,5.024,5.129,5.132,5.015,6206769,3161968864.0,2.34,2.58,0.129,0.73
2021-03-12,5.145,5.142,5.152,5.08,4482015,2295113616.0,1.4,0.25,0.013,0.53
2021-03-15,5.118,5.04,5.119,4.993,3865724,1952657088.0,2.45,-1.98,-0.102,0.45
2021-03-16,5.042,5.073,5.086,5.012,3232361,1635219632.0,1.47,0.65,0.033,0.38
2021-03-17,5.059,5.096,5.121,5.013,3062946,1554332784.0,2.13,0.45,0.023,0.36
2021-03-18,5.108,5.136,5.159,5.106,3196101,1639545024.0,1.04,0.78,0.04,0.38
2021-03-19,5.072,4.997,5.088,4.983,4921956,2478004768.0,2.04,-2.71,-0.139,0.58
2021-03-22,4.995,5.054,5.072,4.99,4234868,2132916080.0,1.64,1.14,0.057,0.5
2021-03-23,5.049,5.009,5.058,4.967,4916388,2459560320.0,1.8,-0.89,-0.045,0.58
2021-03-24,4.988,4.933,5.03,4.912,7550529,3741109712.0,2.36,-1.52,-0.076,0.89
2021-03-25,4.906,4.929,4.951,4.888,2849087,1402397536.0,1.28,-0.08,-0.004,0.33
2021-03-26,4.95,5.033,5.056,4.946,5565349,2790146480.0,2.23,2.11,0.104,0.65
2021-03-29,5.045,5.043,5.08,5.005,6392568,3229920080.0,1.49,0.2,0.01,0.75
2021-03-30,5.04,5.087,5.104,5.03,2682839,1361536032.0,1.47,0.87,0.044,0.31
2021-03-31,5.083,5.05,5.084,5.013,2308127,1163103568.0,1.4,-0.73,-0.037,0.27
2021-04-01,5.056,5.112,5.12,5.052,3229964,1641836112.0,1.35,1.23,0.062,0.38
2021-04-02,5.13,5.161,5.166,5.109,2803346,1440678160.0,1.12,0.96,0.049,0.33
2021-04-06,5.173,5.133,5.177,5.12,2346355,1206265184.0,1.1,-0.54,-0.028,0.28
2021-04-07,5.138,5.098,5.14,5.067,1752173,891976448.0,1.42,-0.68,-0.035,0.21
2021-04-08,5.081,5.109,5.13,5.057,1407559,718026032.0,1.43,0.22,0.011,0.17
2021-04-09,5.095,5.038,5.095,5.025,2223298,1122455296.0,1.37,-1.39,-0.071,0.26
2021-04-12,5.026,4.954,5.049,4.937,6639382,3300299232.0,2.22,-1.67,-0.084,0.78
2021-04-13,4.946,4.947,4.994,4.929,4535452,2247446208.0,1.31,-0.14,-0.007,0.53
2021-04-14,4.952,4.975,4.989,4.943,5271842,2620909280.0,0.93,0.57,0.028,0.62
2021-04-15,4.96,4.947,4.965,4.894,4935407,2431754048.0,1.43,-0.56,-0.028,0.58
2021-04-16,4.959,4.963,4.975,4.918,4998940,2476638368.0,1.15,0.32,0.016,0.59
2021-04-19,4.959,5.089,5.097,4.936,5673692,2864077168.0,3.24,2.54,0.126,0.67
2021-04-20,5.071,5.081,5.116,5.062,3698516,1882537200.0,1.06,-0.16,-0.008,0.43
2021-04-21,5.049,5.093,5.108,5.047,4143214,2104768800.0,1.2,0.24,0.012,0.49
2021-04-22,5.101,5.089,5.118,5.065,4483992,2279984128.0,1.04,-0.08,-0.004,0.53
2021-04-23,5.081,5.14,5.15,5.081,3229926,1656258288.0,1.36,1.0,0.051,0.38
2021-04-26,5.151,5.076,5.191,5.071,5380616,2762169536.0,2.33,-1.25,-0.064,0.63
2021-04-27,5.08,5.089,5.098,5.053,3177926,1612968576.0,0.89,0.26,0.013,0.37
2021-04-28,5.071,5.127,5.13,5.056,3012460,1535175280.0,1.45,0.75,0.038,0.35
2021-04-29,5.128,5.173,5.18,5.12,3809845,1964024096.0,1.17,0.9,0.046,0.45
2021-04-30,5.161,5.128,5.172,5.094,4042413,2075946592.0,1.51,-0.87,-0.045,0.47
2021-05-06,5.109,5.061,5.142,5.035,4075746,2073197360.0,2.09,-1.31,-0.067,0.48
2021-05-07,5.073,5.0,5.097,4.996,3382892,1705351376.0,2.0,-1.21,-0.061,0.4
2021-05-10,5.004,4.999,5.025,4.955,3691992,1843018240.0,1.4,-0.02,-0.001,0.43
2021-05-11,4.967,5.025,5.044,4.932,3979265,1985720800.0,2.24,0.52,0.026,0.47
2021-05-12,5.014,5.056,5.063,4.996,2539712,1277881520.0,1.33,0.62,0.031,0.3
2021-05-13,5.016,5.001,5.027,4.976,4725439,2363024816.0,1.01,-1.09,-0.055,0.55
2021-05-14,5.02,5.127,5.129,4.992,8489630,4316323584.0,2.74,2.52,0.126,1.0
2021-05-17,5.123,5.188,5.215,5.117,6672555,3464215776.0,1.91,1.19,0.061,0.78
2021-05-18,5.199,5.19,5.212,5.167,2834588,1469848176.0,0.87,0.04,0.002,0.33
2021-05-19,5.18,5.176,5.196,5.153,3933595,2034732848.0,0.83,-0.27,-0.014,0.46
2021-05-20,5.172,5.19,5.206,5.152,2701391,1400149088.0,1.04,0.27,0.014,0.32
2021-05-21,5.197,5.135,5.227,5.123,5410635,2791300048.0,2.0,-1.06,-0.055,0.64
2021-05-24,5.135,5.163,5.164,5.096,3496128,1796637072.0,1.32,0.55,0.028,0.41
2021-05-25,5.163,5.327,5.338,5.163,15361601,8133780736.0,3.39,3.18,0.164,1.8
2021-05-26,5.331,5.328,5.353,5.316,4868611,2596720928.0,0.69,0.02,0.001,0.57
2021-05-27,5.32,5.347,5.394,5.296,5307535,2835202992.0,1.84,0.36,0.019,0.62
2021-05-28,5.346,5.332,5.373,5.3,3456219,1843452032.0,1.37,-0.28,-0.015,0.41
2021-05-31,5.329,5.338,5.339,5.29,3286030,1745986736.0,0.92,0.11,0.006,0.39
2021-06-01,5.333,5.346,5.35,5.271,4544228,2415673328.0,1.48,0.15,0.008,0.53
2021-06-02,5.351,5.303,5.357,5.276,5776071,3069526944.0,1.52,-0.8,-0.043,0.68
2021-06-03,5.3,5.262,5.323,5.26,4432764,2344157008.0,1.19,-0.77,-0.041,0.52
2021-06-04,5.25,5.295,5.352,5.233,5581178,2951205184.0,2.26,0.63,0.033,0.66
2021-06-07,5.295,5.289,5.298,5.251,2652774,1399803056.0,0.89,-0.11,-0.006,0.31
2021-06-08,5.289,5.247,5.34,5.213,4542037,2392039776.0,2.4,-0.79,-0.042,0.53
2021-06-09,5.233,5.255,5.266,5.231,2595132,1362104032.0,0.67,0.15,0.008,0.3
2021-06-10,5.249,5.289,5.324,5.248,4041126,2139819984.0,1.45,0.65,0.034,0.47
2021-06-11,5.293,5.24,5.307,5.236,3375558,1774141744.0,1.34,-0.93,-0.049,0.4
2021-06-15,5.24,5.181,5.25,5.154,4312366,2237735904.0,1.83,-1.13,-0.059,0.51
2021-06-16,5.175,5.11,5.183,5.094,5573017,2861614496.0,1.72,-1.37,-0.071,0.65
2021-06-17,5.1,5.121,5.144,5.097,3422104,1752532816.0,0.92,0.22,0.011,0.4
2021-06-18,5.12,5.126,5.155,5.089,5237657,2681620832.0,1.29,0.1,0.005,0.61
2021-06-21,5.108,5.119,5.155,5.087,4492631,2297972208.0,1.33,-0.14,-0.007,0.53
2021-06-22,5.14,5.145,5.151,5.111,6783142,3481237664.0,0.78,0.51,0.026,0.8
2021-06-23,5.152,5.176,5.203,5.136,5864652,3034353440.0,1.3,0.6,0.031,0.69
2021-06-24,5.18,5.189,5.19,5.155,2175097,1125515424.0,0.68,0.25,0.013,0.26
2021-06-25,5.193,5.27,5.289,5.191,6192587,3253306016.0,1.89,1.56,0.081,0.73
2021-06-28,5.278,5.279,5.29,5.257,4454965,2349760656.0,0.63,0.17,0.009,0.52
2021-06-29,5.279,5.225,5.279,5.215,2901856,1520211072.0,1.21,-1.02,-0.054,0.34
2021-06-30,5.226,5.256,5.267,5.225,3711710,1948238480.0,0.8,0.59,0.031,0.44
2021-07-01,5.273,5.254,5.284,5.222,5643739,2964560976.0,1.18,-0.04,-0.002,0.66
2021-07-02,5.22,5.113,5.222,5.111,4422360,2278045472.0,2.11,-2.68,-0.141,0.52
2021-07-05,5.113,5.12,5.132,5.09,2575703,1316062240.0,0.82,0.14,0.007,0.3
2021-07-06,5.12,5.127,5.13,5.071,3816887,1946038944.0,1.15,0.14,0.007,0.45
2021-07-07,5.105,5.18,5.202,5.097,3494651,1802156512.0,2.05,1.03,0.053,0.41
2021-07-08,5.189,5.136,5.196,5.121,3280350,1689688928.0,1.45,-0.85,-0.044,0.39
2021-07-09,5.12,5.112,5.128,5.056,4262319,2174685024.0,1.4,-0.47,-0.024,0.5
2021-07-12,5.15,5.18,5.209,5.122,5966929,3088418560.0,1.7,1.33,0.068,0.7
2021-07-13,5.179,5.196,5.214,5.168,3464404,1798359504.0,0.89,0.31,0.016,0.41
2021-07-14,5.191,5.139,5.191,5.128,3824693,1970051840.0,1.21,-1.1,-0.057,0.45
2021-07-15,5.131,5.207,5.214,5.124,3552867,1839020768.0,1.75,1.32,0.068,0.42
2021-07-16,5.2,5.156,5.205,5.152,3702352,1916254592.0,1.02,-0.98,-0.051,0.43
2021-07-19,5.147,5.178,5.188,5.106,3320462,1709347744.0,1.59,0.43,0.022,0.39
2021-07-20,5.14,5.165,5.179,5.131,3066793,1581145200.0,0.93,-0.25,-0.013,0.36
2021-07-21,5.18,5.204,5.225,5.172,5784303,3011038368.0,1.03,0.76,0.039,0.68
2021-07-22,5.205,5.209,5.233,5.198,2696841,1405906240.0,0.67,0.1,0.005,0.32
2021-07-23,5.21,5.157,5.211,5.145,2681441,1384583056.0,1.27,-1.0,-0.052,0.31
2021-07-26,5.137,4.982,5.138,4.923,9152734,4590557952.0,4.17,-3.39,-0.175,1.07
2021-07-27,4.979,4.809,5.0,4.803,8072052,3972490928.0,3.95,-3.47,-0.173,0.95
2021-07-28,4.803,4.819,4.843,4.735,9133473,4378815488.0,2.25,0.21,0.01,1.07
2021-07-29,4.899,4.906,4.917,4.858,6402064,3130337232.0,1.22,1.81,0.087,0.75
2021-07-30,4.883,4.872,4.884,4.821,2258702,1097220224.0,1.28,-0.69,-0.034,0.27
2021-08-02,4.856,4.993,5.004,4.824,3752039,1853444880.0,3.69,2.48,0.121,0.44
2021-08-03,4.971,4.995,5.019,4.955,2330098,1161609440.0,1.28,0.04,0.002,0.27
2021-08-04,4.984,5.039,5.04,4.982,2486453,1248682992.0,1.16,0.88,0.044,0.29
2021-08-05,5.004,5.009,5.058,4.981,2098716,1053873952.0,1.53,-0.6,-0.03,0.25
2021-08-06,5.0,4.993,5.005,4.962,1126992,561475936.0,0.86,-0.32,-0.016,0.13
2021-08-09,4.97,5.048,5.067,4.952,2290906,1151898656.0,2.3,1.1,0.055,0.27
2021-08-10,5.036,5.105,5.108,5.002,3241224,1635519296.0,2.1,1.13,0.057,0.38
2021-08-11,5.098,5.078,5.124,5.075,2391296,1219614192.0,0.96,-0.53,-0.027,0.28
2021-08-12,5.06,5.046,5.081,5.036,1339717,677135200.0,0.89,-0.63,-0.032,0.16
2021-08-13,5.033,5.019,5.066,4.99,2025664,1017354160.0,1.51,-0.54,-0.027,0.24
2021-08-16,5.013,5.016,5.044,5.001,1862036,934436576.0,0.86,-0.06,-0.003,0.22
2021-08-17,5.01,4.904,5.042,4.895,3523009,1751144112.0,2.93,-2.23,-0.112,0.41
2021-08-18,4.904,4.957,4.986,4.892,3847710,1901295856.0,1.92,1.08,0.053,0.45
2021-08-19,4.94,4.923,4.957,4.901,2403110,1185219024.0,1.13,-0.69,-0.034,0.28
2021-08-20,4.912,4.833,4.913,4.788,4184413,2023086384.0,2.54,-1.83,-0.09,0.49
2021-08-23,4.843,4.905,4.911,4.84,3529613,1724629440.0,1.47,1.49,0.072,0.41
2021-08-24,4.91,4.957,4.978,4.91,3177054,1571638432.0,1.39,1.06,0.052,0.37
2021-08-25,4.965,4.971,4.973,4.938,2076564,1029752688.0,0.71,0.28,0.014,0.24
2021-08-26,4.968,4.886,4.969,4.87,1948403,956302464.0,1.99,-1.71,-0.085,0.23
2021-08-27,4.879,4.899,4.944,4.876,2322364,1140911552.0,1.39,0.27,0.013,0.27
2021-08-30,4.911,4.881,4.922,4.859,2155322,1052155088.0,1.29,-0.37,-0.018,0.25
2021-08-31,4.882,4.879,4.897,4.81,2450326,1190430816.0,1.78,-0.04,-0.002,0.29
2021-09-01,4.88,4.949,4.988,4.84,3865183,1903964592.0,3.03,1.43,0.07,0.45
2021-09-02,4.96,4.945,4.968,4.92,2240048,1107121904.0,0.97,-0.08,-0.004,0.26
2021-09-03,4.945,4.918,4.969,4.909,3483673,1718509776.0,1.21,-0.55,-0.027,0.41
2021-09-06,4.918,5.002,5.016,4.914,4945359,2468976368.0,2.07,1.71,0.084,0.58
2021-09-07,5.0,5.065,5.089,4.986,4574956,2304933616.0,2.06,1.26,0.063,0.54
2021-09-08,5.069,5.044,5.093,5.028,2369431,1198609520.0,1.28,-0.41,-0.021,0.28
2021-09-09,5.031,5.042,5.043,5.002,1825452,917262208.0,0.81,-0.04,-0.002,0.21
2021-09-10,5.037,5.091,5.127,5.034,3893350,1982110592.0,1.84,0.97,0.049,0.46
2021-09-13,5.085,5.064,5.109,5.035,3200157,1620670960.0,1.45,-0.53,-0.027,0.38
2021-09-14,5.065,4.998,5.082,4.977,3277120,1645687920.0,2.07,-1.3,-0.066,0.38
2021-09-15,4.99,4.945,4.991,4.917,2707359,1340902832.0,1.48,-1.06,-0.053,0.32
2021-09-16,4.945,4.889,4.955,4.881,4293484,2106848912.0,1.5,-1.13,-0.056,0.5
2021-09-17,4.888,4.928,4.934,4.868,5139927,2520613344.0,1.35,0.8,0.039,0.6
2021-09-22,4.86,4.895,4.912,4.852,4916296,2399574656.0,1.22,-0.67,-0.033,0.58
2021-09-23,4.917,4.924,4.955,4.906,2869732,1413518496.0,1.0,0.59,0.029,0.34
2021-09-24,4.928,4.931,4.975,4.918,4647712,2299464432.0,1.16,0.14,0.007,0.55
2021-09-27,4.945,4.963,4.998,4.921,3598936,1786172112.0,1.56,0.65,0.032,0.42
2021-09-28,4.955,4.954,4.98,4.926,2636353,1306079040.0,1.09,-0.18,-0.009,0.31
2021-09-29,4.922,4.921,4.949,4.878,5922611,2909490208.0,1.43,-0.67,-0.033,0.7
2021-09-30,4.923,4.935,4.953,4.921,3129597,1544835056.0,0.65,0.28,0.014,0.37
2021-10-08,4.978,5.006,5.015,4.971,2446241,1222701424.0,0.89,1.44,0.071,0.29
2021-10-11,5.014,5.005,5.06,5.001,2603224,1309512480.0,1.18,-0.02,-0.001,0.31
2021-10-12,4.987,4.953,4.998,4.913,3306068,1639579408.0,1.7,-1.04,-0.052,0.39
2021-10-13,4.945,5.009,5.025,4.943,2535737,1264333984.0,1.66,1.13,0.056,0.3
2021-10-14,5.003,4.982,5.028,4.971,1998087,998317200.0,1.14,-0.54,-0.027,0.23
2021-10-15,4.979,5.006,5.017,4.96,2179701,1089703600.0,1.14,0.48,0.024,0.26
2021-10-18,5.003,4.948,5.004,4.916,2512605,1241208464.0,1.76,-1.16,-0.058,0.29
2021-10-19,4.94,4.995,5.0,4.937,2884698,1436191680.0,1.27,0.95,0.047,0.34
2021-10-20,5.0,4.981,5.022,4.971,1566963,782001184.0,1.02,-0.28,-0.014,0.18
2021-10-21,4.98,5.003,5.027,4.962,2240855,1119219632.0,1.3,0.44,0.022,0.26
2021-10-22,5.01,5.036,5.072,5.01,3345973,1686635696.0,1.24,0.66,0.033,0.39
2021-10-25,5.022,5.053,5.061,5.011,2653745,1336929136.0,0.99,0.34,0.017,0.31
2021-10-26,5.055,5.036,5.088,5.023,2479095,1251852288.0,1.29,-0.34,-0.017,0.29
2021-10-27,5.024,4.97,5.024,4.958,2781043,1385676608.0,1.31,-1.31,-0.066,0.33
2021-10-28,4.96,4.949,4.977,4.926,4413412,2185194496.0,1.03,-0.42,-0.021,0.52
2021-10-29,4.946,4.981,4.982,4.934,4264847,2114092672.0,0.97,0.65,0.032,0.5
2021-11-01,4.957,4.965,4.988,4.939,1950023,967955360.0,0.98,-0.32,-0.016,0.23
2021-11-02,4.962,4.913,4.995,4.874,4294135,2119278880.0,2.44,-1.05,-0.052,0.5
2021-11-03,4.91,4.893,4.936,4.879,3406351,1671068448.0,1.16,-0.41,-0.02,0.4
2021-11-04,4.913,4.94,4.951,4.912,2844233,1403738128.0,0.8,0.96,0.047,0.33
2021-11-05,4.93,4.923,4.967,4.922,2656008,1312374544.0,0.91,-0.34,-0.017,0.31
2021-11-08,4.92,4.919,4.948,4.902,3124852,1539084832.0,0.93,-0.08,-0.004,0.37
2021-11-09,4.935,4.917,4.952,4.892,2628400,1292760720.0,1.22,-0.04,-0.002,0.31
2021-11-10,4.913,4.892,4.913,4.826,4894264,2379856064.0,1.77,-0.51,-0.025,0.57
2021-11-11,4.882,4.972,4.975,4.88,3523650,1740182224.0,1.94,1.64,0.08,0.41
2021-11-12,4.976,4.97,4.991,4.954,2729067,1355972400.0,0.74,-0.04,-0.002,0.32
2021-11-15,4.974,4.964,4.991,4.943,3359154,1667408832.0,0.97,-0.12,-0.006,0.39
2021-11-16,4.966,4.96,4.996,4.95,3518703,1750476656.0,0.93,-0.08,-0.004,0.41
2021-11-17,4.953,4.959,4.974,4.941,2269818,1125215664.0,0.67,-0.02,-0.001,0.27
2021-11-18,4.947,4.915,4.952,4.902,3606012,1774308240.0,1.01,-0.89,-0.044,0.42
2021-11-19,4.91,4.97,4.976,4.905,2759206,1365616720.0,1.44,1.12,0.055,0.32
2021-11-22,4.974,4.983,4.995,4.967,3536475,1761554912.0,0.56,0.26,0.013,0.42
2021-11-23,4.976,4.986,5.0,4.966,3172672,1582334512.0,0.68,0.06,0.003,0.37
2021-11-24,4.986,4.997,5.016,4.974,1785947,891904464.0,0.84,0.22,0.011,0.21
2021-11-25,4.998,4.978,4.999,4.97,1372600,683495472.0,0.58,-0.38,-0.019,0.16
2021-11-26,4.965,4.936,4.966,4.927,2046378,1011650368.0,0.78,-0.84,-0.042,0.24
2021-11-29,4.9,4.929,4.938,4.9,2338560,1151391536.0,0.77,-0.14,-0.007,0.27
2021-11-30,4.932,4.911,4.949,4.888,1836800,903625440.0,1.24,-0.37,-0.018,0.22
2021-12-01,4.911,4.924,4.929,4.907,2116262,1040600304.0,0.45,0.26,0.013,0.25
2021-12-02,4.92,4.934,4.945,4.903,1610351,794007120.0,0.85,0.2,0.01,0.19
2021-12-03,4.934,4.979,4.98,4.926,2196321,1087954880.0,1.09,0.91,0.045,0.26
2021-12-06,4.982,4.974,5.016,4.969,3328991,1663482016.0,0.94,-0.1,-0.005,0.39
2021-12-07,4.995,5.002,5.009,4.978,2124268,1060624160.0,0.62,0.56,0.028,0.25
2021-12-08,5.007,5.074,5.079,4.989,3411917,1721655424.0,1.8,1.44,0.072,0.4
2021-12-09,5.078,5.158,5.204,5.076,6332212,3267970656.0,2.52,1.66,0.084,0.74
2021-12-10,5.143,5.143,5.15,5.123,3961260,2035800624.0,0.52,-0.29,-0.015,0.47
2021-12-13,5.167,5.156,5.227,5.149,4290338,2227870768.0,1.52,0.25,0.013,0.5
2021-12-14,5.137,5.125,5.155,5.115,3626878,1860581408.0,0.78,-0.6,-0.031,0.43
2021-12-15,5.12,5.079,5.136,5.075,2035832,1038757248.0,1.19,-0.9,-0.046,0.24
2021-12-16,5.082,5.106,5.107,5.065,3773043,1919332416.0,0.83,0.53,0.027,0.44
2021-12-17,5.098,5.033,5.101,5.031,6226189,3145885072.0,1.37,-1.43,-0.073,0.73
2021-12-20,5.019,4.958,5.05,4.947,8518253,4250322976.0,2.05,-1.49,-0.075,1.0
2021-12-21,4.953,4.979,4.992,4.949,5171335,2572582592.0,0.87,0.42,0.021,0.61
2021-12-22,4.992,4.982,5.004,4.97,6660462,3320651904.0,0.68,0.06,0.003,0.78
2021-12-23,4.993,5.02,5.026,4.978,3023053,1512949488.0,0.96,0.76,0.038,0.35
2021-12-24,5.026,4.997,5.032,4.978,2603961,1301806384.0,1.08,-0.46,-0.023,0.31
2021-12-27,4.997,5.001,5.018,4.97,5044913,2520394800.0,0.96,0.08,0.004,0.59
2021-12-28,5.001,5.027,5.037,4.992,6399142,3209575440.0,0.9,0.52,0.026,0.75
2021-12-29,5.025,4.96,5.031,4.959,4038656,2011288448.0,1.43,-1.33,-0.067,0.47
2021-12-30,4.96,4.996,5.017,4.955,4744980,2369943648.0,1.25,0.73,0.036,0.56
2021-12-31,5.01,5.008,5.029,4.994,3514166,1760912800.0,0.7,0.24,0.012,0.41
2022-01-04,5.025,4.99,5.027,4.942,4863553,2417587488.0,1.7,-0.36,-0.018,0.57
2022-01-05,4.979,4.943,4.992,4.925,4640731,2300116656.0,1.34,-0.94,-0.047,0.54
2022-01-06,4.923,4.887,4.933,4.857,5172728,2530768432.0,1.54,-1.13,-0.056,0.61
2022-01-07,4.9,4.899,4.93,4.893,4785197,2349400432.0,0.76,0.25,0.012,0.56
2022-01-10,4.888,4.912,4.923,4.859,4911223,2406258640.0,1.31,0.27,0.013,0.58
2022-01-11,4.912,4.867,4.924,4.864,4122189,2014962368.0,1.22,-0.92,-0.045,0.48
2022-01-12,4.884,4.919,4.933,4.884,5113326,2511098384.0,1.01,1.07,0.052,0.6
2022-01-13,4.93,4.838,4.932,4.836,4882723,2379000208.0,1.95,-1.65,-0.081,0.57
2022-01-14,4.825,4.794,4.84,4.791,4100290,1972987312.0,1.01,-0.91,-0.044,0.48
2022-01-17,4.798,4.835,4.851,4.797,4983491,2407274464.0,1.13,0.86,0.041,0.58
2022-01-18,4.832,4.881,4.897,4.815,6241671,3038466592.0,1.7,0.95,0.046,0.73
2022-01-19,4.815,4.78,4.839,4.756,5224393,2501399280.0,1.7,-2.07,-0.101,0.61
2022-01-20,4.775,4.818,4.847,4.774,5412785,2608626688.0,1.53,0.79,0.038,0.64
2022-01-21,4.81,4.784,4.815,4.764,7814370,3739337872.0,1.06,-0.71,-0.034,0.92
2022-01-24,4.76,4.786,4.799,4.748,4605740,2197609280.0,1.07,0.04,0.002,0.54
2022-01-25,4.762,4.68,4.777,4.676,5952709,2814468224.0,2.11,-2.21,-0.106,0.7
2022-01-26,4.695,4.706,4.711,4.65,5218421,2449571760.0,1.3,0.56,0.026,0.61
2022-01-27,4.693,4.625,4.699,4.616,6076217,2827030192.0,1.76,-1.72,-0.081,0.71
2022-01-28,4.637,4.554,4.659,4.55,8583917,3950302960.0,2.36,-1.54,-0.071,1.01
2022-02-07,4.625,4.626,4.663,4.606,4845868,2243165824.0,1.25,1.58,0.072,0.57
2022-02-08,4.626,4.604,4.626,4.515,4481413,2050015392.0,2.4,-0.48,-0.022,0.53
2022-02-09,4.606,4.643,4.653,4.59,4589381,2124086976.0,1.37,0.85,0.039,0.54
2022-02-10,4.65,4.632,4.653,4.606,4953831,2291737792.0,1.01,-0.24,-0.011,0.58
2022-02-11,4.614,4.596,4.658,4.593,4617436,2134586496.0,1.4,-0.78,-0.036,0.54
2022-02-14,4.58,4.547,4.594,4.526,3299679,1503834192.0,1.48,-1.07,-0.049,0.39
2022-02-15,4.548,4.589,4.593,4.546,6043144,2765515056.0,1.03,0.92,0.042,0.71
2022-02-16,4.61,4.61,4.634,4.598,4498005,2076275360.0,0.78,0.46,0.021,0.53
2022-02-17,4.605,4.62,4.644,4.599,6290407,2909007328.0,0.98,0.22,0.01,0.74
2022-02-18,4.6,4.644,4.645,4.595,3041052,1405440368.0,1.08,0.52,0.024,0.36
2022-02-21,4.636,4.627,4.637,4.605,3241951,1497429120.0,0.69,-0.37,-0.017,0.38
2022-02-22,4.59,4.567,4.597,4.549,3153168,1438664976.0,1.04,-1.3,-0.06,0.37
2022-02-23,4.58,4.615,4.618,4.571,4469039,2054646288.0,1.03,1.05,0.048,0.52
2022-02-24,4.59,4.53,4.602,4.489,5912365,2683234000.0,2.45,-1.84,-0.085,0.69
2022-02-25,4.553,4.565,4.611,4.553,3844661,1760979840.0,1.28,0.77,0.035,0.45
2022-02-28,4.562,4.571,4.573,4.522,2693171,1225032608.0,1.12,0.13,0.006,0.32
2022-03-01,4.588,4.609,4.617,4.573,3261629,1499507424.0,0.96,0.83,0.038,0.38
2022-03-02,4.589,4.574,4.59,4.552,1946013,889476592.0,0.82,-0.76,-0.035,0.23
2022-03-03,4.59,4.545,4.6,4.535,2006899,914647552.0,1.42,-0.63,-0.029,0.24
2022-03-04,4.505,4.494,4.534,4.48,4053766,1823719312.0,1.19,-1.12,-0.051,0.48
2022-03-07,4.459,4.346,4.459,4.328,5831130,2553534384.0,2.91,-3.29,-0.148,0.68
2022-03-08,4.347,4.264,4.371,4.248,6917081,2976687584.0,2.83,-1.89,-0.082,0.81
2022-03-09,4.272,4.224,4.294,4.07,7867488,3301655744.0,5.25,-0.94,-0.04,0.92
2022-03-10,4.3,4.284,4.326,4.282,5528465,2377355392.0,1.04,1.42,0.06,0.65
2022-03-11,4.228,4.312,4.318,4.175,3973422,1687296400.0,3.34,0.65,0.028,0.47
2022-03-14,4.25,4.172,4.274,4.171,4331004,1828943104.0,2.39,-3.25,-0.14,0.51
2022-03-15,4.135,3.973,4.164,3.968,10444778,4244938240.0,4.7,-4.77,-0.199,1.23
2022-03-16,4.035,4.146,4.17,3.942,13251385,5383854336.0,5.74,4.35,0.173,1.56
2022-03-17,4.223,4.23,4.294,4.205,11475616,4866876928.0,2.15,2.03,0.084,1.35
2022-03-18,4.21,4.258,4.276,4.189,4030217,1703858640.0,2.06,0.66,0.028,0.47
2022-03-21,4.263,4.252,4.28,4.212,3720164,1581985312.0,1.6,-0.14,-0.006,0.44
2022-03-22,4.232,4.248,4.282,4.231,2504225,1064168272.0,1.2,-0.09,-0.004,0.29
2022-03-23,4.258,4.273,4.286,4.24,3082447,1314097168.0,1.08,0.59,0.025,0.36
2022-03-24,4.25,4.246,4.27,4.213,2206418,935511952.0,1.33,-0.63,-0.027,0.26
2022-03-25,4.245,4.169,4.254,4.167,3568083,1499894624.0,2.05,-1.81,-0.077,0.42
2022-03-28,4.134,4.144,4.174,4.083,4155938,1715993648.0,2.18,-0.6,-0.025,0.49
2022-03-29,4.155,4.126,4.173,4.119,2310331,957679744.0,1.3,-0.43,-0.018,0.27
2022-03-30,4.154,4.249,4.252,4.154,5002575,2107747776.0,2.38,2.98,0.123,0.59
2022-03-31,4.239,4.218,4.244,4.21,4242790,1791950304.0,0.8,-0.73,-0.031,0.5
2022-04-01,4.187,4.269,4.289,4.185,3752472,1594296080.0,2.47,1.21,0.051,0.44
2022-04-06,4.243,4.257,4.269,4.228,3398938,1443714224.0,0.96,-0.28,-0.012,0.4
2022-04-07,4.237,4.205,4.268,4.202,2783984,1177384176.0,1.55,-1.22,-0.052,0.33
2022-04-08,4.208,4.233,4.236,4.175,3202713,1349449552.0,1.45,0.67,0.028,0.38
2022-04-11,4.205,4.101,4.206,4.088,5800585,2391596000.0,2.79,-3.12,-0.132,0.68
2022-04-12,4.103,4.171,4.176,4.076,8064759,3334403952.0,2.44,1.71,0.07,0.95
2022-04-13,4.151,4.139,4.187,4.135,3872602,1609161760.0,1.25,-0.77,-0.032,0.45
2022-04-14,4.176,4.183,4.212,4.153,5736892,2400662560.0,1.43,1.06,0.044,0.67
2022-04-15,4.16,4.181,4.206,4.15,5322380,2224422368.0,1.34,-0.05,-0.002,0.62
2022-04-18,4.145,4.161,4.164,4.117,2797093,1159501392.0,1.12,-0.48,-0.02,0.33
2022-04-19,4.16,4.134,4.186,4.11,3139962,1301465632.0,1.83,-0.65,-0.027,0.37
2022-04-20,4.132,4.064,4.138,4.058,3903434,1596762864.0,1.94,-1.69,-0.07,0.46
2022-04-21,4.052,3.996,4.081,3.975,7925085,3193817664.0,2.61,-1.67,-0.068,0.93
2022-04-22,3.965,4.006,4.037,3.952,6173784,2469379280.0,2.13,0.25,0.01,0.72
2022-04-25,3.945,3.813,3.959,3.807,16542844,6447291648.0,3.79,-4.82,-0.193,1.94
2022-04-26,3.816,3.783,3.873,3.774,15437597,5888627456.0,2.6,-0.79,-0.03,1.81
2022-04-27,3.771,3.889,3.891,3.76,13725839,5260465152.0,3.46,2.8,0.106,1.61
2022-04-28,3.872,3.915,3.935,3.869,10729261,4183266928.0,1.7,0.67,0.026,1.26
2022-04-29,3.929,4.015,4.019,3.893,7631212,3024738240.0,3.22,2.55,0.1,0.9
2022-05-05,3.98,4.0,4.031,3.97,7360954,2950065280.0,1.52,-0.37,-0.015,0.86
2022-05-06,3.925,3.903,3.943,3.9,5206697,2042557056.0,1.08,-2.43,-0.097,0.61
2022-05-09,3.878,3.871,3.906,3.85,3187006,1234844480.0,1.43,-0.82,-0.032,0.37
2022-05-10,3.833,3.916,3.933,3.808,5474672,2129935216.0,3.23,1.16,0.045,0.64
2022-05-11,3.909,3.971,4.026,3.909,6290116,2502148832.0,2.99,1.4,0.055,0.74
2022-05-12,3.955,3.951,3.979,3.933,3071058,1215316560.0,1.16,-0.5,-0.02,0.36
2022-05-13,3.988,3.982,3.999,3.952,2799732,1113468048.0,1.19,0.78,0.031,0.33
2022-05-16,4.0,3.951,4.014,3.94,4425843,1755248944.0,1.86,-0.78,-0.031,0.52
2022-05-17,3.96,4.0,4.001,3.949,3008496,1197703808.0,1.32,1.24,0.049,0.35
2022-05-18,4.007,3.986,4.017,3.96,2640173,1052734336.0,1.43,-0.35,-0.014,0.31
2022-05-19,3.947,3.995,3.997,3.936,3249620,1289180784.0,1.53,0.23,0.009,0.38
2022-05-20,4.02,4.079,4.08,4.01,6004614,2434115744.0,1.75,2.1,0.084,0.7
2022-05-23,4.079,4.047,4.079,4.021,5120913,2070370272.0,1.42,-0.78,-0.032,0.6
2022-05-24,4.046,3.965,4.049,3.96,4156645,1664349504.0,2.2,-2.03,-0.082,0.49
2022-05-25,3.96,3.982,3.984,3.948,4576841,1814584624.0,0.91,0.43,0.017,0.54
2022-05-26,3.983,3.992,4.02,3.932,4816141,1914318704.0,2.21,0.25,0.01,0.57
2022-05-27,4.022,4.002,4.057,3.985,5532972,2228537584.0,1.8,0.25,0.01,0.65
2022-05-30,4.02,4.025,4.043,4.007,4505319,1813277776.0,0.9,0.57,0.023,0.53
2022-05-31,4.025,4.089,4.103,4.016,4522581,1836840912.0,2.16,1.59,0.064,0.53
2022-06-01,4.089,4.083,4.096,4.06,3774345,1540652768.0,0.88,-0.15,-0.006,0.44
2022-06-02,4.066,4.094,4.098,4.058,2901326,1183803264.0,0.98,0.27,0.011,0.34
2022-06-06,4.092,4.176,4.177,4.065,4238359,1751273376.0,2.74,2.0,0.082,0.5
2022-06-07,4.161,4.182,4.202,4.155,3808642,1592929728.0,1.13,0.14,0.006,0.45
2022-06-08,4.185,4.224,4.23,4.165,4272911,1796493328.0,1.55,1.0,0.042,0.5
2022-06-09,4.215,4.19,4.234,4.173,2916148,1226358656.0,1.44,-0.8,-0.034,0.34
2022-06-10,4.159,4.248,4.26,4.158,6480691,2738650048.0,2.43,1.38,0.058,0.76
2022-06-13,4.21,4.196,4.223,4.17,5799003,2431783712.0,1.25,-1.22,-0.052,0.68
2022-06-14,4.165,4.236,4.24,4.115,6249025,2613833376.0,2.98,0.95,0.04,0.73
2022-06-15,4.233,4.285,4.364,4.233,11218852,4834544896.0,3.09,1.16,0.049,1.32
2022-06-16,4.298,4.258,4.317,4.249,5075120,2175195328.0,1.59,-0.63,-0.027,0.6
2022-06-17,4.241,4.321,4.337,4.235,7156474,3070562896.0,2.4,1.48,0.063,0.84
2022-06-20,4.331,4.342,4.388,4.308,7324345,3177526640.0,1.85,0.49,0.021,0.86
2022-06-21,4.342,4.34,4.378,4.305,4224016,1833860944.0,1.68,-0.05,-0.002,0.5
2022-06-22,4.34,4.29,4.347,4.282,3619643,1560986304.0,1.5,-1.15,-0.05,0.42
2022-06-23,4.291,4.365,4.367,4.284,4056939,1755177552.0,1.93,1.75,0.075,0.48
2022-06-24,4.375,4.413,4.426,4.363,4148339,1823076992.0,1.44,1.1,0.048,0.49
2022-06-27,4.429,4.461,4.499,4.429,4559811,2036731648.0,1.59,1.09,0.048,0.54
2022-06-28,4.46,4.513,4.526,4.433,3748824,1678987264.0,2.08,1.17,0.052,0.44
2022-06-29,4.498,4.458,4.527,4.443,5448356,2437464368.0,1.86,-1.22,-0.055,0.64
2022-06-30,4.454,4.508,4.545,4.453,5680516,2558737776.0,2.06,1.12,0.05,0.67
2022-07-01,4.52,4.493,4.525,4.474,4455712,2004084496.0,1.13,-0.33,-0.015,0.52
2022-07-04,4.478,4.521,4.523,4.449,3874217,1742756112.0,1.65,0.62,0.028,0.45
2022-07-05,4.526,4.511,4.565,4.462,3921158,1764375392.0,2.28,-0.22,-0.01,0.46
2022-07-06,4.5,4.452,4.51,4.423,3189627,1422718112.0,1.93,-1.31,-0.059,0.37
2022-07-07,4.445,4.468,4.488,4.422,4030460,1799540016.0,1.48,0.36,0.016,0.47
2022-07-08,4.491,4.464,4.513,4.457,2082490,933514544.0,1.25,-0.09,-0.004,0.24
2022-07-11,4.446,4.388,4.446,4.37,4522075,1985923664.0,1.7,-1.7,-0.076,0.53
2022-07-12,4.382,4.352,4.407,4.338,3435392,1500811278.0,1.57,-0.82,-0.036,0.4
2022-07-13,4.355,4.359,4.379,4.328,2956003,1286893961.0,1.17,0.16,0.007,0.35
2022-07-14,4.355,4.36,4.389,4.336,3264143,1423957223.0,1.22,0.02,0.001,0.38
2022-07-15,4.35,4.295,4.4,4.293,7373071,3198511731.0,2.45,-1.49,-0.065,0.87
2022-07-18,4.312,4.341,4.359,4.274,3891151,1680718462.0,1.98,1.07,0.046,0.46
2022-07-19,4.337,4.319,4.337,4.285,3535270,1526690226.0,1.2,-0.51,-0.022,0.41
2022-07-20,4.34,4.331,4.36,4.318,2998384,1301780820.0,0.97,0.28,0.012,0.35
2022-07-21,4.315,4.286,4.338,4.285,3104926,1336941254.0,1.22,-1.04,-0.045,0.36
2022-07-22,4.301,4.289,4.335,4.259,3147688,1353688808.0,1.77,0.07,0.003,0.37
2022-07-25,4.285,4.271,4.288,4.253,2516761,1074518097.0,0.82,-0.42,-0.018,0.3
2022-07-26,4.277,4.3,4.32,4.274,3762545,1616765933.0,1.08,0.68,0.029,0.44
2022-07-27,4.29,4.276,4.297,4.268,2571786,1100930340.0,0.67,-0.56,-0.024,0.3
2022-07-28,4.292,4.279,4.33,4.275,3695810,1591342846.0,1.29,0.07,0.003,0.43
2022-07-29,4.283,4.22,4.305,4.211,4712654,2000643545.0,2.2,-1.38,-0.059,0.55
2022-08-01,4.206,4.238,4.248,4.181,2983915,1259938955.0,1.59,0.43,0.018,0.35
2022-08-02,4.21,4.167,4.21,4.132,5439733,2264729834.0,1.84,-1.68,-0.071,0.64
2022-08-03,4.18,4.122,4.209,4.111,3766628,1569163066.0,2.35,-1.08,-0.045,0.44
2022-08-04,4.139,4.153,4.162,4.122,2617509,1084601677.0,0.97,0.75,0.031,0.31
2022-08-05,4.156,4.218,4.224,4.153,3933852,1643679832.0,1.71,1.57,0.065,0.46
2022-08-08,4.201,4.204,4.219,4.193,1572824,661606877.0,0.62,-0.33,-0.014,0.18
2022-08-09,4.202,4.211,4.219,4.19,2418244,1017515521.0,0.69,0.17,0.007,0.28
2022-08-10,4.202,4.166,4.216,4.148,2037632,851095724.0,1.61,-1.07,-0.045,0.24
2022-08-11,4.183,4.254,4.26,4.176,3480503,1469915003.0,2.02,2.11,0.088,0.41
2022-08-12,4.252,4.255,4.266,4.238,2055898,874286490.0,0.66,0.02,0.001,0.24
2022-08-15,4.242,4.245,4.286,4.238,2328228,991661294.0,1.13,-0.24,-0.01,0.27
2022-08-16,4.25,4.235,4.272,4.227,1684834,715599992.0,1.06,-0.24,-0.01,0.2
2022-08-17,4.236,4.276,4.287,4.211,2810228,1196207108.0,1.79,0.97,0.041,0.33
2022-08-18,4.27,4.239,4.274,4.234,1999681,849821038.0,0.94,-0.87,-0.037,0.23
2022-08-19,4.235,4.209,4.251,4.207,2894411,1223343184.0,1.04,-0.71,-0.03,0.34
2022-08-22,4.2,4.236,4.248,4.196,3109324,1316161171.0,1.24,0.64,0.027,0.36
2022-08-23,4.233,4.222,4.25,4.203,2758776,1164226234.0,1.11,-0.33,-0.014,0.32
2022-08-24,4.234,4.145,4.238,4.136,4031611,1683776031.0,2.42,-1.82,-0.077,0.47
2022-08-25,4.153,4.181,4.186,4.124,3325107,1381245566.0,1.5,0.87,0.036,0.39
2022-08-26,4.179,4.175,4.201,4.168,2268554,949304012.0,0.79,-0.14,-0.006,0.27
2022-08-29,4.141,4.15,4.161,4.125,2345945,972243824.0,0.86,-0.6,-0.025,0.28
2022-08-30,4.154,4.141,4.156,4.106,2320948,958534782.0,1.2,-0.22,-0.009,0.27
2022-08-31,4.124,4.141,4.182,4.113,5552796,2299526279.0,1.67,0.0,0.0,0.65
2022-09-01,4.13,4.107,4.153,4.098,3202516,1320917293.0,1.33,-0.82,-0.034,0.38
2022-09-02,4.11,4.084,4.119,4.064,2637374,1078568286.0,1.34,-0.56,-0.023,0.31
2022-09-05,4.075,4.082,4.083,4.04,2158650,876596965.0,1.05,-0.05,-0.002,0.25
2022-09-06,4.095,4.111,4.116,4.074,2641015,1081646065.0,1.03,0.71,0.029,0.31
2022-09-07,4.097,4.119,4.131,4.094,1835728,755009708.0,0.9,0.19,0.008,0.22
2022-09-08,4.123,4.101,4.131,4.1,1716322,705978922.0,0.75,-0.44,-0.018,0.2
2022-09-09,4.107,4.159,4.167,4.106,3929759,1630730745.0,1.49,1.41,0.058,0.46
2022-09-13,4.166,4.173,4.195,4.162,3274312,1368323051.0,0.79,0.34,0.014,0.38
2022-09-14,4.134,4.127,4.155,4.114,4299139,1777685334.0,0.98,-1.1,-0.046,0.5
2022-09-15,4.134,4.09,4.147,4.065,5888444,2414072683.0,1.99,-0.9,-0.037,0.69
2022-09-16,4.077,4.0,4.087,3.996,7257809,2929005272.0,2.22,-2.2,-0.09,0.85
2022-09-19,3.994,3.989,4.015,3.975,3977904,1588020723.0,1.0,-0.28,-0.011,0.47
2022-09-20,4.006,3.991,4.023,3.98,3015150,1206397489.0,1.08,0.05,0.002,0.35
2022-09-21,3.98,3.961,3.99,3.943,3634886,1441702412.0,1.18,-0.75,-0.03,0.43
2022-09-22,3.945,3.932,3.964,3.92,2798468,1101764633.0,1.11,-0.73,-0.029,0.33
2022-09-23,3.932,3.924,3.951,3.892,5202490,2042024441.0,1.5,-0.2,-0.008,0.61
2022-09-26,3.9,3.899,3.958,3.894,7560336,2966154628.0,1.63,-0.64,-0.025,0.89
2022-09-27,3.91,3.949,3.957,3.892,5191603,2035835677.0,1.67,1.28,0.05,0.61
2022-09-28,3.935,3.893,3.938,3.89,5300816,2073607923.0,1.22,-1.42,-0.056,0.62
2022-09-29,3.916,3.894,3.937,3.873,5060836,1977736758.0,1.64,0.03,0.001,0.59
2022-09-30,3.895,3.868,3.915,3.865,6383788,2480624616.0,1.28,-0.67,-0.026,0.75
2022-10-10,3.867,3.789,3.87,3.777,6841092,2614912261.0,2.4,-2.04,-0.079,0.8
2022-10-11,3.791,3.786,3.804,3.77,4913807,1861116628.0,0.9,-0.08,-0.003,0.58
2022-10-12,3.787,3.848,3.851,3.719,7315130,2765038458.0,3.49,1.64,0.062,0.86
2022-10-13,3.816,3.815,3.847,3.806,3451403,1318777601.0,1.07,-0.86,-0.033,0.41
2022-10-14,3.852,3.903,3.923,3.843,7496291,2913802969.0,2.1,2.31,0.088,0.88
2022-10-17,3.895,3.902,3.906,3.869,3887601,1512958472.0,0.95,-0.03,-0.001,0.46
2022-10-18,3.924,3.895,3.93,3.887,4311344,1683477555.0,1.1,-0.18,-0.007,0.51
2022-10-19,3.89,3.836,3.902,3.834,2881623,1112398864.0,1.75,-1.51,-0.059,0.34
2022-10-20,3.82,3.824,3.876,3.791,3723050,1422560648.0,2.22,-0.31,-0.012,0.44
2022-10-21,3.837,3.802,3.839,3.784,3275721,1248398834.0,1.44,-0.58,-0.022,0.38
2022-10-24,3.799,3.704,3.833,3.686,6297940,2356237577.0,3.87,-2.58,-0.098,0.74
2022-10-25,3.692,3.688,3.739,3.661,8235170,3041126027.0,2.11,-0.43,-0.016,0.97
2022-10-26,3.69,3.716,3.768,3.689,6862870,2555494776.0,2.14,0.76,0.028,0.81
2022-10-27,3.739,3.69,3.75,3.689,5123971,1906381171.0,1.64,-0.7,-0.026,0.6
2022-10-28,3.677,3.604,3.683,3.595,7381372,2686507817.0,2.38,-2.33,-0.086,0.87
2022-10-31,3.58,3.565,3.616,3.552,5976564,2139122276.0,1.78,-1.08,-0.039,0.7
2022-11-01,3.585,3.703,3.705,3.58,10691572,3904744293.0,3.51,3.87,0.138,1.26
2022-11-02,3.685,3.737,3.767,3.678,7516463,2800488062.0,2.4,0.92,0.034,0.88
2022-11-03,3.717,3.707,3.732,3.689,4881107,1811025929.0,1.15,-0.8,-0.03,0.57
2022-11-04,3.705,3.834,3.851,3.704,11292457,4301093449.0,3.97,3.43,0.127,1.33
2022-11-07,3.81,3.834,3.855,3.809,5340734,2046292254.0,1.2,0.0,0.0,0.63
2022-11-08,3.834,3.811,3.843,3.787,8012579,3048899191.0,1.46,-0.6,-0.023,0.94
2022-11-09,3.811,3.771,3.824,3.767,5209240,1973017696.0,1.5,-1.05,-0.04,0.61
2022-11-10,3.75,3.75,3.766,3.727,5064964,1895277956.0,1.03,-0.56,-0.021,0.59
2022-11-11,3.842,3.848,3.898,3.81,13767023,5298752150.0,2.35,2.61,0.098,1.62
2022-11-14,3.898,3.85,3.919,3.84,8509669,3301268208.0,2.05,0.05,0.002,1.0
2022-11-15,3.842,3.925,3.934,3.835,7671835,2991368782.0,2.57,1.95,0.075,0.9
2022-11-16,3.918,3.896,3.938,3.891,5377972,2102969877.0,1.2,-0.74,-0.029,0.63
2022-11-17,3.886,3.879,3.886,3.835,7916228,3054875919.0,1.31,-0.44,-0.017,0.93
2022-11-18,3.882,3.866,3.902,3.859,6491949,2516386318.0,1.11,-0.34,-0.013,0.76
2022-11-21,3.837,3.833,3.837,3.79,5182489,1975747610.0,1.22,-0.85,-0.033,0.61
2022-11-22,3.827,3.831,3.871,3.805,6490256,2485266857.0,1.72,-0.05,-0.002,0.76
2022-11-23,3.82,3.834,3.856,3.814,5487916,2103792365.0,1.1,0.08,0.003,0.64
2022-11-24,3.85,3.816,3.868,3.81,4821489,1848016848.0,1.51,-0.47,-0.018,0.57
2022-11-25,3.819,3.837,3.854,3.805,5492158,2105975532.0,1.28,0.55,0.021,0.64
2022-11-28,3.772,3.792,3.799,3.73,6260914,2355441434.0,1.8,-1.17,-0.045,0.73
2022-11-29,3.814,3.908,3.917,3.814,7207068,2792262749.0,2.72,3.06,0.116,0.85
2022-11-30,3.898,3.911,3.927,3.895,4594858,1796654800.0,0.82,0.08,0.003,0.54
2022-12-01,3.98,3.956,4.01,3.955,6354126,2528610659.0,1.41,1.15,0.045,0.75
2022-12-02,3.955,3.933,3.964,3.931,10304210,4066062110.0,0.83,-0.58,-0.023,1.21
2022-12-05,3.974,4.004,4.007,3.957,8761771,3492977853.0,1.27,1.81,0.071,1.03
2022-12-06,3.992,4.027,4.05,3.988,7658073,3081714196.0,1.55,0.57,0.023,0.9
2022-12-07,4.02,4.015,4.066,4.0,6820751,2745026152.0,1.64,-0.3,-0.012,0.8
2022-12-08,4.015,4.024,4.033,4.003,5094095,2047176131.0,0.75,0.22,0.009,0.6
2022-12-09,4.023,4.058,4.069,4.008,6474552,2613255569.0,1.52,0.84,0.034,0.76
2022-12-12,4.045,4.016,4.045,4.012,4668575,1880206885.0,0.81,-1.03,-0.042,0.55
2022-12-13,4.018,4.005,4.028,4.0,3636743,1459236500.0,0.7,-0.27,-0.011,0.43
2022-12-14,4.01,4.015,4.033,3.995,6219074,2495651006.0,0.95,0.25,0.01,0.73
2022-12-15,4.016,4.013,4.025,3.988,5307513,2126027806.0,0.92,-0.05,-0.002,0.62
2022-12-16,4.011,4.017,4.026,3.992,9083687,3639862008.0,0.85,0.1,0.004,1.07
2022-12-19,4.022,3.959,4.033,3.942,7451965,2965759177.0,2.27,-1.44,-0.058,0.87
2022-12-20,3.945,3.896,3.948,3.873,8155655,3188456650.0,1.89,-1.59,-0.063,0.96
2022-12-21,3.901,3.893,3.911,3.882,5230558,2038360701.0,0.74,-0.08,-0.003,0.61
2022-12-22,3.916,3.901,3.944,3.881,6878210,2690306339.0,1.62,0.21,0.008,0.81
2022-12-23,3.884,3.891,3.912,3.872,10847910,4222061974.0,1.03,-0.26,-0.01,1.27
2022-12-26,3.89,3.9,3.92,3.888,6511937,2542745278.0,0.82,0.23,0.009,0.76
2022-12-27,3.94,3.947,3.953,3.919,5820488,2292894562.0,0.87,1.21,0.047,0.68
2022-12-28,3.939,3.934,3.945,3.917,6492690,2553573421.0,0.71,-0.33,-0.013,0.76
2022-12-29,3.919,3.922,3.933,3.896,7212710,2825957366.0,0.94,-0.31,-0.012,0.85
2022-12-30,3.937,3.938,3.951,3.934,6302286,2485143924.0,0.43,0.41,0.016,0.74
2023-01-03,3.937,3.949,3.961,3.89,6563108,2576087718.0,1.8,0.28,0.011,0.77
2023-01-04,3.948,3.954,3.965,3.931,9807997,3874438389.0,0.86,0.13,0.005,1.15
2023-01-05,3.975,4.029,4.035,3.972,7745023,3108571448.0,1.59,1.9,0.075,0.91
2023-01-06,4.03,4.045,4.062,4.026,5410808,2187353311.0,0.89,0.4,0.016,0.64
2023-01-09,4.065,4.07,4.086,4.052,7809599,3178181433.0,0.84,0.62,0.025,0.92
2023-01-10,4.068,4.076,4.092,4.062,7442622,3033001135.0,0.74,0.15,0.006,0.87
2023-01-11,4.077,4.076,4.105,4.069,5715114,2334923330.0,0.88,0.0,0.0,0.67
2023-01-12,4.083,4.082,4.095,4.068,3255872,1328948654.0,0.66,0.15,0.006,0.38
2023-01-13,4.089,4.144,4.148,4.089,6559090,2702284069.0,1.45,1.52,0.062,0.77
2023-01-16,4.085,4.143,4.184,4.083,17163759,7109168359.0,2.44,-0.02,-0.001,2.01
2023-01-17,4.143,4.139,4.152,4.122,6015131,2488168863.0,0.72,-0.1,-0.004,0.71
2023-01-18,4.146,4.13,4.152,4.126,4456901,1843406132.0,0.63,-0.22,-0.009,0.52
2023-01-19,4.121,4.158,4.16,4.103,6074324,2513066753.0,1.38,0.68,0.028,0.71
2023-01-20,4.173,4.181,4.194,4.165,5700822,2382114372.0,0.7,0.55,0.023,0.67
2023-01-30,4.26,4.205,4.267,4.198,8013471,3386449597.0,1.65,0.57,0.024,0.94
2023-01-31,4.208,4.159,4.217,4.152,11392222,4761842944.0,1.55,-1.09,-0.046,1.34
2023-02-01,4.164,4.19,4.192,4.133,7156520,2981748341.0,1.42,0.75,0.031,0.84
2023-02-02,4.202,4.18,4.205,4.163,10018528,4188623374.0,1.0,-0.24,-0.01,1.18
2023-02-03,4.154,4.137,4.157,4.101,9600521,3961301299.0,1.34,-1.03,-0.043,1.13
2023-02-06,4.103,4.08,4.104,4.058,7314597,2982940562.0,1.11,-1.38,-0.057,0.86
2023-02-07,4.086,4.09,4.101,4.07,5539881,2263547380.0,0.76,0.25,0.01,0.65
2023-02-08,4.092,4.073,4.109,4.065,4628713,1889787994.0,1.08,-0.42,-0.017,0.54
2023-02-09,4.067,4.127,4.131,4.063,5958886,2450554135.0,1.67,1.33,0.054,0.7
2023-02-10,4.128,4.103,4.128,4.086,5205224,2135893097.0,1.02,-0.58,-0.024,0.61
2023-02-13,4.09,4.135,4.141,4.083,8280101,3415190764.0,1.41,0.78,0.032,0.97
2023-02-14,4.141,4.144,4.147,4.119,3326324,1374345788.0,0.68,0.22,0.009,0.39
2023-02-15,4.141,4.116,4.154,4.108,6455068,2658512888.0,1.11,-0.68,-0.028,0.76
2023-02-16,4.12,4.087,4.168,4.062,7925101,3275079466.0,2.58,-0.7,-0.029,0.93
2023-02-17,4.085,4.029,4.101,4.025,7433949,3025278809.0,1.86,-1.42,-0.058,0.87
2023-02-20,4.034,4.134,4.137,4.028,10495255,4282521265.0,2.71,2.61,0.105,1.23
2023-02-21,4.134,4.139,4.15,4.114,5609025,2318009475.0,0.87,0.12,0.005,0.66
2023-02-22,4.123,4.099,4.134,4.092,4529454,1861371777.0,1.01,-0.97,-0.04,0.53
2023-02-23,4.103,4.099,4.125,4.081,4655595,1908740957.0,1.07,0.0,0.0,0.55
2023-02-24,4.098,4.06,4.098,4.04,8087762,3282777177.0,1.41,-0.95,-0.039,0.95
2023-02-27,4.04,4.045,4.063,4.028,4569575,1848791379.0,0.86,-0.37,-0.015,0.54
2023-02-28,4.057,4.071,4.076,4.02,4845454,1963458643.0,1.38,0.64,0.026,0.57
2023-03-01,4.067,4.12,4.136,4.06,11804810,4856375177.0,1.87,1.2,0.049,1.39
2023-03-02,4.11,4.115,4.134,4.107,4391329,1808866225.0,0.66,-0.12,-0.005,0.52
2023-03-03,4.126,4.124,4.136,4.094,4201757,1730990673.0,1.02,0.22,0.009,0.49
2023-03-06,4.125,4.099,4.127,4.08,9293025,3808515076.0,1.14,-0.61,-0.025,1.09
2023-03-07,4.095,4.042,4.118,4.039,6746494,2756431261.0,1.93,-1.39,-0.057,0.79
2023-03-08,4.03,4.026,4.035,4.01,4313154,1735039806.0,0.62,-0.4,-0.016,0.51
2023-03-09,4.032,4.016,4.036,3.992,4079365,1639051249.0,1.09,-0.25,-0.01,0.48
2023-03-10,3.99,3.961,4.004,3.959,4981129,1982846713.0,1.12,-1.37,-0.055,0.58
2023-03-13,3.961,4.005,4.008,3.961,4674529,1865984620.0,1.19,1.11,0.044,0.55
2023-03-14,4.0,3.98,4.0,3.945,4635416,1842611053.0,1.37,-0.62,-0.025,0.54
2023-03-15,4.006,3.979,4.016,3.978,3933011,1571377024.0,0.95,-0.03,-0.001,0.46
2023-03-16,3.96,3.933,3.979,3.93,4331438,1713141943.0,1.23,-1.16,-0.046,0.51
2023-03-17,3.96,3.954,4.004,3.935,11235012,4453754362.0,1.75,0.53,0.021,1.32
2023-03-20,3.954,3.932,3.976,3.926,5709548,2258210593.0,1.26,-0.56,-0.022,0.67
2023-03-21,3.943,3.975,3.979,3.941,5567437,2206195773.0,0.97,1.09,0.043,0.65
2023-03-22,3.985,3.993,4.009,3.979,5817562,2323803781.0,0.75,0.45,0.018,0.68
2023-03-23,3.98,4.031,4.032,3.978,5344729,2143951550.0,1.35,0.95,0.038,0.63
2023-03-24,4.023,4.026,4.034,4.014,2548953,1025007603.0,0.5,-0.12,-0.005,0.3
2023-03-27,4.025,4.005,4.025,3.984,4912547,1966086521.0,1.02,-0.52,-0.021,0.58
2023-03-28,4.006,3.997,4.018,3.99,5072061,2029086627.0,0.7,-0.2,-0.008,0.6
2023-03-29,4.018,3.997,4.019,3.991,6163363,2467227537.0,0.7,0.0,0.0,0.72
2023-03-30,3.998,4.04,4.041,3.981,5572070,2238129589.0,1.5,1.08,0.043,0.65
2023-03-31,4.045,4.05,4.063,4.039,6711625,2718176592.0,0.59,0.25,0.01,0.79
2023-04-03,4.05,4.08,4.091,4.045,5513397,2243377317.0,1.14,0.74,0.03,0.65
2023-04-04,4.08,4.1,4.102,4.072,4803087,1960368642.0,0.74,0.49,0.02,0.56
2023-04-06,4.085,4.088,4.093,4.073,3782868,1544679079.0,0.49,-0.29,-0.012,0.44
2023-04-07,4.088,4.117,4.129,4.086,3295857,1355999026.0,1.05,0.71,0.029,0.39
2023-04-10,4.128,4.102,4.129,4.098,4743616,1948356331.0,0.75,-0.36,-0.015,0.56
2023-04-11,4.105,4.092,4.112,4.078,5359550,2195224021.0,0.83,-0.24,-0.01,0.63
2023-04-12,4.093,4.088,4.098,4.08,3358337,1373120380.0,0.44,-0.1,-0.004,0.39
2023-04-13,4.079,4.063,4.085,4.057,4021907,1635782613.0,0.68,-0.61,-0.025,0.47
2023-04-14,4.075,4.084,4.094,4.071,4560326,1860596353.0,0.57,0.52,0.021,0.54
2023-04-17,4.081,4.145,4.147,4.08,6325480,2605868198.0,1.64,1.49,0.061,0.74
2023-04-18,4.144,4.152,4.163,4.136,4160543,1726660643.0,0.65,0.17,0.007,0.49
2023-04-19,4.154,4.119,4.154,4.115,4085730,1688498846.0,0.94,-0.79,-0.033,0.48
2023-04-20,4.118,4.103,4.122,4.09,6073086,2491260807.0,0.78,-0.39,-0.016,0.71
2023-04-21,4.103,4.03,4.106,4.024,6836486,2776624903.0,2.0,-1.78,-0.073,0.8
2023-04-24,4.029,3.979,4.032,3.963,5940937,2372492823.0,1.71,-1.27,-0.051,0.7
2023-04-25,3.98,3.96,3.988,3.924,9664268,3820424644.0,1.61,-0.48,-0.019,1.13
2023-04-26,3.958,3.951,3.97,3.934,9034653,3570141037.0,0.91,-0.23,-0.009,1.06
2023-04-27,3.948,3.986,4.0,3.94,4677697,1857891159.0,1.52,0.89,0.035,0.55
2023-04-28,3.997,4.025,4.03,3.991,4518062,1813115078.0,0.98,0.98,0.039,0.53
2023-05-04,4.013,4.025,4.027,3.996,3378611,1356998397.0,0.77,0.0,0.0,0.4
2023-05-05,4.026,4.009,4.038,3.989,3379499,1355979468.0,1.22,-0.4,-0.016,0.4
2023-05-08,4.016,4.054,4.064,4.011,6848152,2769137971.0,1.32,1.12,0.045,0.8
2023-05-09,4.059,4.019,4.085,4.019,5668907,2299963548.0,1.63,-0.86,-0.035,0.67
2023-05-10,4.017,3.988,4.019,3.98,9165933,3663507046.0,0.97,-0.77,-0.031,1.08
2023-05-11,3.998,3.983,4.008,3.98,3216150,1284651681.0,0.7,-0.13,-0.005,0.38
2023-05-12,3.982,3.932,3.996,3.93,5187745,2053102560.0,1.66,-1.28,-0.051,0.61
2023-05-15,3.934,3.995,3.996,3.923,8107574,3203031252.0,1.86,1.6,0.063,0.95
2023-05-16,3.994,3.978,4.0,3.962,4068203,1620578488.0,0.95,-0.43,-0.017,0.48
2023-05-17,3.971,3.951,3.982,3.941,6405805,2535368771.0,1.03,-0.68,-0.027,0.75
2023-05-18,3.958,3.95,3.978,3.931,7006002,2770097587.0,1.19,-0.03,-0.001,0.82
2023-05-19,3.94,3.944,3.966,3.922,3417126,1347166083.0,1.11,-0.15,-0.006,0.4
2023-05-22,3.943,3.964,3.985,3.93,5003757,1981482735.0,1.39,0.51,0.02,0.59
2023-05-23,3.967,3.907,3.971,3.906,6117573,2405349012.0,1.64,-1.44,-0.057,0.72
2023-05-24,3.902,3.854,3.903,3.852,7672776,2973586313.0,1.31,-1.36,-0.053,0.9
2023-05-25,3.848,3.845,3.858,3.812,4918567,1888723116.0,1.19,-0.23,-0.009,0.58
2023-05-26,3.843,3.85,3.861,3.813,4462037,1713952910.0,1.25,0.13,0.005,0.52
2023-05-29,3.858,3.834,3.87,3.819,4030135,1546653526.0,1.32,-0.42,-0.016,0.47
2023-05-30,3.826,3.838,3.847,3.79,5720979,2186287405.0,1.49,0.1,0.004,0.67
2023-05-31,3.828,3.802,3.828,3.785,7338757,2792006056.0,1.12,-0.94,-0.036,0.86
2023-06-01,3.799,3.81,3.84,3.794,6749757,2579669883.0,1.21,0.21,0.008,0.79
2023-06-02,3.83,3.863,3.873,3.83,6929781,2672332967.0,1.13,1.39,0.053,0.81
2023-06-05,3.857,3.845,3.861,3.835,3611549,1389909743.0,0.67,-0.47,-0.018,0.42
2023-06-06,3.846,3.808,3.874,3.804,4115697,1579493947.0,1.82,-0.96,-0.037,0.48
2023-06-07,3.82,3.796,3.827,3.783,3721767,1416641429.0,1.16,-0.32,-0.012,0.44
2023-06-08,3.796,3.828,3.843,3.783,3834889,1462204388.0,1.58,0.84,0.032,0.45
2023-06-09,3.829,3.844,3.847,3.822,5270689,2021624139.0,0.65,0.42,0.016,0.62
2023-06-12,3.84,3.848,3.87,3.825,4596593,1768357700.0,1.17,0.1,0.004,0.54
2023-06-13,3.84,3.877,3.88,3.837,3503880,1353181342.0,1.12,0.75,0.029,0.41
2023-06-14,3.879,3.877,3.904,3.875,4441136,1727523754.0,0.75,0.0,0.0,0.52
2023-06-15,3.886,3.942,3.943,3.88,5084305,1990297387.0,1.62,1.68,0.065,0.6
2023-06-16,3.949,3.979,3.988,3.949,6021488,2389873017.0,0.99,0.94,0.037,0.71
2023-06-19,3.979,3.949,3.979,3.944,4003074,1583693179.0,0.88,-0.75,-0.03,0.47
2023-06-20,3.941,3.942,3.959,3.936,3538923,1396571289.0,0.58,-0.18,-0.007,0.42
2023-06-21,3.935,3.887,3.939,3.885,4893537,1915610962.0,1.37,-1.4,-0.055,0.57
2023-06-26,3.866,3.843,3.87,3.831,6404956,2462685974.0,1.0,-1.13,-0.044,0.75
2023-06-27,3.842,3.869,3.879,3.835,3971021,1532293882.0,1.14,0.68,0.026,0.47
2023-06-28,3.863,3.877,3.878,3.837,4627456,1786039957.0,1.06,0.21,0.008,0.54
2023-06-29,3.877,3.859,3.879,3.847,3002626,1159259690.0,0.83,-0.46,-0.018,0.35
2023-06-30,3.858,3.882,3.9,3.853,5299183,2058017000.0,1.22,0.6,0.023,0.62
2023-07-03,3.89,3.927,3.939,3.888,4739097,1857984547.0,1.31,1.16,0.045,0.56
2023-07-04,3.925,3.934,3.936,3.919,2521213,990312869.0,0.43,0.18,0.007,0.3
2023-07-05,3.928,3.907,3.934,3.901,2712152,1061461518.0,0.84,-0.69,-0.027,0.32
2023-07-06,3.9,3.879,3.92,3.874,3467439,1349288878.0,1.18,-0.72,-0.028,0.41
2023-07-07,3.875,3.868,3.884,3.859,3022777,1170006594.0,0.64,-0.28,-0.011,0.35
2023-07-10,3.886,3.884,3.91,3.872,4284868,1668025659.0,0.98,0.41,0.016,0.5
2023-07-11,3.897,3.91,3.915,3.887,5874389,2292218456.0,0.72,0.67,0.026,0.69
2023-07-12,3.914,3.891,3.92,3.881,3894108,1520311053.0,1.0,-0.49,-0.019,0.46
2023-07-13,3.91,3.954,3.957,3.91,5722866,2254997240.0,1.21,1.62,0.063,0.67
2023-07-14,3.96,3.952,3.964,3.95,3632621,1437431006.0,0.35,-0.05,-0.002,0.43
2023-07-17,3.946,3.924,3.946,3.908,4486126,1757874089.0,0.96,-0.71,-0.028,0.53
2023-07-18,3.925,3.918,3.932,3.905,2666707,1044528809.0,0.69,-0.15,-0.006,0.31
2023-07-19,3.91,3.916,3.924,3.895,5012407,1958620837.0,0.74,-0.05,-0.002,0.59
2023-07-20,3.923,3.888,3.942,3.881,8715071,3409059171.0,1.56,-0.72,-0.028,1.02
2023-07-21,3.888,3.89,3.917,3.875,7272501,2831069309.0,1.08,0.05,0.002,0.85
2023-07-24,3.87,3.873,3.897,3.864,4549820,1762582929.0,0.85,-0.44,-0.017,0.53
2023-07-25,3.92,3.985,3.986,3.92,11409824,4516702930.0,1.7,2.89,0.112,1.34
2023-07-26,3.98,3.976,3.982,3.961,5880386,2336248742.0,0.53,-0.23,-0.009,0.69
2023-07-27,3.985,3.972,3.998,3.96,6024658,2399970524.0,0.96,-0.1,-0.004,0.71
2023-07-28,3.953,4.068,4.075,3.953,14964884,6045486970.0,3.07,2.42,0.096,1.76
2023-07-31,4.1,4.084,4.141,4.074,17906350,7347223022.0,1.65,0.39,0.016,2.1
2023-08-01,4.08,4.066,4.105,4.055,11359816,4628166309.0,1.22,-0.44,-0.018,1.33
2023-08-02,4.059,4.037,4.08,4.026,7894398,3195405068.0,1.33,-0.71,-0.029,0.93
2023-08-03,4.031,4.073,4.075,4.031,7379311,2990984772.0,1.09,0.89,0.036,0.87
2023-08-04,4.115,4.094,4.132,4.08,14223575,5844695555.0,1.28,0.52,0.021,1.67
2023-08-07,4.076,4.063,4.076,4.049,12814224,5203107906.0,0.66,-0.76,-0.031,1.5
2023-08-08,4.048,4.048,4.075,4.035,11165791,4524172048.0,0.98,-0.37,-0.015,1.31
2023-08-09,4.038,4.04,4.055,4.034,13325079,5388159549.0,0.52,-0.2,-0.008,1.56
2023-08-10,4.038,4.045,4.05,4.014,9382509,3788454446.0,0.89,0.12,0.005,1.1
2023-08-11,4.045,3.95,4.048,3.948,12885598,5137860063.0,2.47,-2.35,-0.095,1.51
2023-08-14,3.919,3.923,3.932,3.884,10386003,4062406138.0,1.22,-0.68,-0.027,1.22
2023-08-15,3.927,3.919,3.935,3.881,8165194,3193418408.0,1.38,-0.1,-0.004,0.96
2023-08-16,3.902,3.889,3.922,3.887,8558495,3338499228.0,0.89,-0.77,-0.03,1.0
2023-08-17,3.871,3.902,3.909,3.855,11561183,4488757418.0,1.39,0.33,0.013,1.36
2023-08-18,3.904,3.852,3.914,3.851,12755465,4949895035.0,1.61,-1.28,-0.05,1.5
2023-08-21,3.843,3.8,3.854,3.797,11009244,4211773045.0,1.48,-1.35,-0.052,1.29
2023-08-22,3.818,3.823,3.841,3.772,13315289,5068251898.0,1.82,0.61,0.023,1.56
2023-08-23,3.81,3.768,3.821,3.759,10824197,4103294099.0,1.62,-1.44,-0.055,1.27
2023-08-24,3.775,3.791,3.82,3.772,9526548,3613485225.0,1.27,0.61,0.023,1.12
2023-08-25,3.776,3.784,3.809,3.768,11745355,4441349667.0,1.08,-0.18,-0.007,1.38
2023-08-28,4.011,3.837,4.011,3.81,28220118,10967426433.0,5.31,1.4,0.053,3.31
2023-08-29,3.82,3.859,3.888,3.818,21940525,8447914072.0,1.82,0.57,0.022,2.58
2023-08-30,3.864,3.858,3.884,3.85,10361323,4005949852.0,0.88,-0.03,-0.001,1.22
2023-08-31,3.858,3.839,3.865,3.83,8384688,3223625329.0,0.91,-0.49,-0.019,0.98
2023-09-01,3.857,3.862,3.88,3.85,7926925,3061777815.0,0.78,0.6,0.023,0.93
2023-09-04,3.89,3.92,3.93,3.874,11855233,4631839161.0,1.45,1.5,0.058,1.39
2023-09-05,3.91,3.893,3.912,3.885,6297701,2454185740.0,0.69,-0.69,-0.027,0.74
2023-09-06,3.88,3.883,3.893,3.866,7151761,2772119111.0,0.69,-0.26,-0.01,0.84
2023-09-07,3.875,3.83,3.876,3.826,9410350,3620025670.0,1.29,-1.36,-0.053,1.1
2023-09-08,3.815,3.809,3.828,3.796,8186358,3117927088.0,0.84,-0.55,-0.021,0.96
2023-09-11,3.81,3.837,3.861,3.803,8166508,3130054721.0,1.52,0.74,0.028,0.96
2023-09-12,3.834,3.832,3.846,3.825,5949369,2280742953.0,0.55,-0.13,-0.005,0.7
2023-09-13,3.831,3.807,3.842,3.787,10321331,3927790358.0,1.44,-0.65,-0.025,1.21
2023-09-14,3.806,3.804,3.818,3.785,9282830,3527433204.0,0.87,-0.08,-0.003,1.09
2023-09-15,3.811,3.787,3.818,3.769,11906221,4515384978.0,1.29,-0.45,-0.017,1.4
2023-09-18,3.778,3.8,3.811,3.764,9859264,3740921119.0,1.24,0.34,0.013,1.16
2023-09-19,3.796,3.795,3.798,3.772,7270063,2752539515.0,0.68,-0.13,-0.005,0.85
2023-09-20,3.785,3.777,3.793,3.777,6341355,2399486875.0,0.42,-0.47,-0.018,0.74
2023-09-21,3.769,3.742,3.783,3.741,8991970,3378417954.0,1.11,-0.93,-0.035,1.06
2023-09-22,3.736,3.817,3.818,3.735,12471166,4719058010.0,2.22,2.0,0.075,1.46
2023-09-25,3.806,3.789,3.809,3.782,7009057,2656946227.0,0.71,-0.73,-0.028,0.82
2023-09-26,3.786,3.768,3.797,3.766,8629085,3257834057.0,0.82,-0.55,-0.021,1.01
2023-09-27,3.767,3.778,3.805,3.766,10780540,4074752971.0,1.04,0.27,0.01,1.27
2023-09-28,3.785,3.764,3.791,3.756,11206124,4221645459.0,0.93,-0.37,-0.014,1.32
2023-10-09,3.757,3.754,3.768,3.713,8752131,3273783140.0,1.46,-0.27,-0.01,1.03
2023-10-10,3.766,3.727,3.778,3.724,9279324,3475885457.0,1.44,-0.72,-0.027,1.09
2023-10-11,3.745,3.735,3.762,3.727,8934987,3346389864.0,0.94,0.21,0.008,1.05
2023-10-12,3.77,3.771,3.785,3.752,9335216,3516113484.0,0.88,0.96,0.036,1.1
2023-10-13,3.75,3.736,3.751,3.724,11350953,4239502340.0,0.72,-0.93,-0.035,1.33
2023-10-16,3.736,3.693,3.738,3.682,11389806,4217878506.0,1.5,-1.15,-0.043,1.34
2023-10-17,3.7,3.705,3.713,3.687,8880603,3286594496.0,0.7,0.32,0.012,1.04
2023-10-18,3.699,3.677,3.703,3.675,8102706,2986654336.0,0.76,-0.76,-0.028,0.95
2023-10-19,3.66,3.6,3.66,3.595,16903688,6128588638.0,1.77,-2.09,-0.077,1.98
2023-10-20,3.583,3.582,3.6,3.565,17404462,6233727376.0,0.97,-0.5,-0.018,2.04
2023-10-23,3.568,3.544,3.57,3.512,27102417,9591980200.0,1.62,-1.06,-0.038,3.18
2023-10-24,3.553,3.549,3.563,3.52,15350130,5440874384.0,1.21,0.14,0.005,1.8
2023-10-25,3.588,3.569,3.603,3.567,13833516,4957392955.0,1.01,0.56,0.02,1.62
2023-10-26,3.555,3.582,3.586,3.548,11436095,4074940755.0,1.06,0.36,0.013,1.34
2023-10-27,3.574,3.636,3.649,3.565,16476624,5952697550.0,2.35,1.51,0.054,1.93
2023-10-30,3.622,3.652,3.663,3.62,9614014,3503763582.0,1.18,0.44,0.016,1.13
2023-10-31,3.645,3.644,3.65,3.622,8396600,3053046237.0,0.77,-0.22,-0.008,0.99
2023-11-01,3.68,3.642,3.68,3.632,8119834,2960433483.0,1.32,-0.05,-0.002,0.95
2023-11-02,3.648,3.625,3.669,3.624,10753816,3915900772.0,1.24,-0.47,-0.017,1.26
2023-11-03,3.631,3.653,3.668,3.63,10578227,3863396873.0,1.05,0.77,0.028,1.24
2023-11-06,3.675,3.701,3.705,3.674,11766496,4344615629.0,0.85,1.31,0.048,1.38
2023-11-07,3.692,3.69,3.701,3.676,6575291,2424393951.0,0.68,-0.3,-0.011,0.77
2023-11-08,3.683,3.679,3.696,3.658,11353212,4175672872.0,1.03,-0.3,-0.011,1.33
2023-11-09,3.671,3.682,3.695,3.669,8185694,3012831353.0,0.71,0.08,0.003,0.96
2023-11-10,3.668,3.655,3.668,3.643,7841768,2864208754.0,0.68,-0.73,-0.027,0.92
2023-11-13,3.659,3.65,3.666,3.63,6744633,2456900620.0,0.98,-0.14,-0.005,0.79
2023-11-14,3.654,3.65,3.67,3.635,7533172,2750944509.0,0.96,0.0,0.0,0.88
2023-11-15,3.68,3.675,3.691,3.663,9940631,3654308894.0,0.77,0.68,0.025,1.17
2023-11-16,3.67,3.639,3.673,3.637,8815567,3216526669.0,0.98,-0.98,-0.036,1.03
2023-11-17,3.63,3.634,3.638,3.612,11984509,4344183851.0,0.71,-0.14,-0.005,1.41
2023-11-20,3.637,3.645,3.657,3.61,8584304,3119864711.0,1.29,0.3,0.011,1.01
2023-11-21,3.655,3.65,3.686,3.64,9316055,3414862520.0,1.26,0.14,0.005,1.09
2023-11-22,3.641,3.611,3.646,3.61,7622027,2765607794.0,0.99,-1.07,-0.039,0.89
2023-11-23,3.609,3.63,3.632,3.595,7749718,2800813039.0,1.02,0.53,0.019,0.91
2023-11-24,3.626,3.605,3.627,3.598,7434533,2684275512.0,0.8,-0.69,-0.025,0.87
2023-11-27,3.604,3.581,3.604,3.557,7762956,2773819650.0,1.3,-0.67,-0.024,0.91
2023-11-28,3.575,3.585,3.59,3.566,7274837,2603222024.0,0.67,0.11,0.004,0.85
2023-11-29,3.586,3.558,3.589,3.545,7590570,2702123586.0,1.23,-0.75,-0.027,0.89
2023-11-30,3.554,3.562,3.572,3.547,6678101,2377329010.0,0.7,0.11,0.004,0.78
2023-12-01,3.561,3.548,3.567,3.519,8604681,3046328676.0,1.35,-0.39,-0.014,1.01
2023-12-04,3.551,3.524,3.554,3.523,6925230,2448340185.0,0.87,-0.68,-0.024,0.81
2023-12-05,3.519,3.458,3.519,3.457,10087896,3519764103.0,1.76,-1.87,-0.066,1.18
2023-12-06,3.454,3.463,3.483,3.444,10019449,3471511576.0,1.13,0.14,0.005,1.18
2023-12-07,3.461,3.454,3.468,3.431,9345058,3222732043.0,1.07,-0.26,-0.009,1.1
2023-12-08,3.455,3.461,3.473,3.45,7091986,2456531937.0,0.67,0.2,0.007,0.83
2023-12-11,3.44,3.485,3.497,3.415,9982478,3440612626.0,2.37,0.69,0.024,1.17
2023-12-12,3.476,3.493,3.495,3.473,6407242,2232549949.0,0.63,0.23,0.008,0.75
2023-12-13,3.482,3.435,3.486,3.432,7088152,2449237490.0,1.55,-1.66,-0.058,0.83
2023-12-14,3.451,3.419,3.465,3.414,7415331,2548257393.0,1.48,-0.47,-0.016,0.87
2023-12-15,3.43,3.412,3.454,3.405,8999768,3083345817.0,1.43,-0.2,-0.007,1.06
2023-12-18,3.398,3.398,3.419,3.38,8473038,2880805451.0,1.14,-0.41,-0.014,0.99
2023-12-19,3.397,3.4,3.414,3.38,10985366,3728059629.0,1.0,0.06,0.002,1.29
2023-12-20,3.404,3.369,3.409,3.365,10347176,3505163478.0,1.29,-0.91,-0.031,1.21
2023-12-21,3.355,3.4,3.411,3.352,15924481,5392955427.0,1.75,0.92,0.031,1.87
2023-12-22,3.397,3.406,3.43,3.382,20765265,7076759645.0,1.41,0.18,0.006,2.44
2023-12-25,3.405,3.415,3.42,3.401,10041465,3425066434.0,0.56,0.26,0.009,1.18
2023-12-26,3.413,3.395,3.413,3.385,7771693,2637394901.0,0.82,-0.59,-0.02,0.91
2023-12-27,3.396,3.405,3.411,3.378,8361725,2840693989.0,0.97,0.29,0.01,0.98
2023-12-28,3.401,3.489,3.498,3.4,23832992,8259924175.0,2.88,2.47,0.084,2.8
2023-12-29,3.488,3.499,3.505,3.482,25188735,8806298908.0,0.66,0.29,0.01,2.96
